bid,start,plant,seconds,frames,
1,control,control,1,10,
1,control,control,2,3,
1,control,control,1,17,
1,control,control,1,13,
1,control,control,1,0,
1,control,control,2,14,
1,control,control,1,21,
1,control,control,2,9,
1,control,control,1,8,
1,control,control,1,12,
1,control,control,1,16,
1,control,control,1,19,
1,control,control,1,23,
1,control,control,1,17,
1,control,control,4,9,
1,control,control,0,22,
1,control,control,2,23,
1,control,control,5,10,
1,control,control,1,7,
1,control,control,1,5,
1,control,control,1,20,
1,control,damage,2,14,
1,control,damage,1,4,
1,control,damage,3,4,
1,control,damage,5,16,
1,control,damage,1,24,
1,control,damage,1,15,
1,control,damage,0,20,
1,control,damage,2,5,
1,control,damage,2,13,
1,control,damage,4,14,
1,control,damage,3,15,
1,control,damage,3,1,
1,control,damage,3,8,
1,control,damage,2,22,
1,control,damage,6,1,
1,control,damage,2,16,
1,control,damage,3,23,
1,control,damage,1,17,
1,control,damage,0,18,
1,control,damage,3,8,
1,control,damage,1,9,
1,control,damage,11,5,
1,control,damage,0,20,
1,control,damage,6,9,
1,control,damage,7,11,
1,control,damage,4,19,
1,control,damage,3,8,
1,control,damage,0,20,
1,control,damage,5,23,
6,control,control,1,18,
6,control,control,7,18,
6,control,control,2,5,
6,control,control,1,21,
6,control,control,1,3,
6,control,control,1,23,
6,control,damage,2,16,
6,control,control,11,15,
6,control,control,10,3,
6,control,control,3,20,
6,control,damage,4,0,
6,control,damage,4,22,
6,control,damage,10,16,
6,control,damage,7,4,
6,control,damage,7,1,
6,control,damage,2,8,
6,control,control,2,7,
6,control,control,6,12,
6,control,damage,5,7,
6,control,control,3,0,
6,control,control,7,24,
6,control,damage,6,24,
6,control,control,5,2,
6,control,control,5,14,
6,control,control,4,21,
6,control,damage,2,16,
6,control,control,4,2,
6,control,control,1,13,
6,control,control,9,1,
6,control,control,3,1,
6,control,control,7,19,
6,control,control,9,3,
6,control,damage,6,16,
6,control,damage,3,12,
6,control,damage,1,21,
6,control,control,5,15,
10,herbivory,damage,7,6,
10,herbivory,damage,7,17,
10,herbivory,damage,0,24,
10,herbivory,damage,3,6,
10,herbivory,control,8,1,
10,herbivory,control,7,8,
10,herbivory,control,4,11,
10,herbivory,control,4,5,
10,herbivory,control,5,5,
10,herbivory,control,7,22,
10,herbivory,control,2,1,
10,herbivory,control,2,17,
10,herbivory,control,4,7,
10,herbivory,control,12,20,
10,herbivory,control,5,14,
10,herbivory,control,6,12,
10,herbivory,damage,9,8,
10,herbivory,damage,4,12,
10,herbivory,control,6,25,
10,herbivory,damage,5,10,
10,herbivory,damage,3,10,
10,herbivory,damage,3,22,
10,herbivory,damage,3,5,
10,herbivory,damage,7,15,
10,herbivory,damage,10,24,
10,herbivory,damage,2,2,
10,herbivory,damage,4,4,
10,herbivory,damage,8,22,
10,herbivory,damage,3,20,
10,herbivory,damage,5,10,
10,herbivory,damage,2,11,
10,herbivory,damage,6,8,
10,herbivory,damage,11,1,
13,control,control,0,19,
13,control,control,3,3,
13,control,control,2,24,
13,control,control,1,9,
13,control,control,5,5,
13,control,control,3,3,
13,control,control,4,6,
13,control,control,2,6,
13,control,damage,3,23,
13,control,damage,4,17,
13,control,damage,1,1,
13,control,damage,2,11,
13,control,damage,2,17,
13,control,damage,5,13,
13,control,damage,3,8,
13,control,damage,2,23,
13,control,damage,5,12,
13,control,damage,14,15,
13,control,damage,6,3,
13,control,damage,3,10,
13,control,damage,1,21,
13,control,control,4,20,
13,control,control,4,7,
13,control,control,2,3,
13,control,damage,2,22,
13,control,damage,2,13,
13,control,damage,5,18,
13,control,damage,5,5,
13,control,control,3,15,
13,control,damage,3,18,
13,control,control,3,6,
13,control,damage,2,3,
13,control,damage,3,4,
13,control,damage,3,23,
13,control,damage,4,8,
13,control,damage,1,7,
13,control,damage,1,0,
13,control,control,3,3,
13,control,control,6,10,
13,control,control,4,22,
13,control,control,1,15,
17,herbivory,control,2,20,
17,herbivory,control,2,6,
17,herbivory,control,3,4,
17,herbivory,damage,5,6,
17,herbivory,control,6,20,
17,herbivory,damage,8,3,
17,herbivory,damage,4,12,
17,herbivory,damage,2,5,
17,herbivory,damage,1,8,
17,herbivory,damage,3,7,
17,herbivory,damage,4,14,
17,herbivory,control,4,9,
17,herbivory,control,8,8,
17,herbivory,control,4,22,
17,herbivory,control,1,6,
17,herbivory,control,5,1,
17,herbivory,control,13,24,
17,herbivory,control,3,2,
17,herbivory,control,11,10,
17,herbivory,control,7,19,
17,herbivory,control,5,9,
17,herbivory,control,1,23,
17,herbivory,control,8,1,
17,herbivory,damage,4,4,
17,herbivory,damage,3,11,
17,herbivory,damage,1,8,
17,herbivory,damage,5,21,
17,herbivory,damage,3,22,
17,herbivory,damage,2,5,
17,herbivory,control,11,17,
17,herbivory,control,3,2,
20,herbivory,damage,2,1,
20,herbivory,damage,3,19,
20,herbivory,damage,2,9,
20,herbivory,damage,4,2,
20,herbivory,damage,2,7,
20,herbivory,damage,1,7,
20,herbivory,damage,0,20,
20,herbivory,damage,4,18,
20,herbivory,damage,3,2,
20,herbivory,damage,4,18,
20,herbivory,control,2,1,
20,herbivory,control,2,14,
20,herbivory,control,2,4,
20,herbivory,control,1,24,
20,herbivory,control,2,13,
20,herbivory,control,2,22,
20,herbivory,control,3,13,
20,herbivory,control,3,1,
20,herbivory,control,6,6,
20,herbivory,control,3,9,
20,herbivory,damage,2,12,
20,herbivory,control,4,22,
20,herbivory,control,14,9,
20,herbivory,control,2,3,
20,herbivory,control,2,7,
20,herbivory,damage,2,12,
21,herbivory,damage,2,18,
21,herbivory,control,3,15,
21,herbivory,control,3,18,
21,herbivory,control,5,8,
21,herbivory,damage,4,10,
21,herbivory,damage,3,23,
21,herbivory,control,2,23,
21,herbivory,control,2,6,
21,herbivory,control,3,4,
21,herbivory,damage,3,12,
21,herbivory,damage,2,6,
21,herbivory,damage,3,13,
21,herbivory,damage,3,11,
21,herbivory,damage,1,15,
21,herbivory,damage,3,2,
21,herbivory,damage,6,11,
21,herbivory,damage,3,3,
21,herbivory,damage,4,14,
21,herbivory,damage,4,5,
21,herbivory,damage,2,11,
21,herbivory,damage,2,5,
21,herbivory,damage,6,3,
21,herbivory,control,2,6,
21,herbivory,control,4,10,
21,herbivory,damage,5,1,
21,herbivory,damage,5,13,
21,herbivory,damage,6,13,
21,herbivory,damage,6,13,
21,herbivory,damage,3,14,
21,herbivory,damage,3,2,
21,herbivory,control,5,1,
21,herbivory,control,2,23,
21,herbivory,control,3,20,
21,herbivory,control,4,1,
21,herbivory,control,7,9,
21,herbivory,damage,6,15,
21,herbivory,damage,3,10,
21,herbivory,damage,4,21,
23,herbivory,damage,10,22,
23,herbivory,damage,4,21,
23,herbivory,control,4,11,
23,herbivory,control,3,12,
23,herbivory,control,2,11,
23,herbivory,control,2,9,
23,herbivory,damage,2,19,
23,herbivory,control,3,3,
23,herbivory,control,7,10,
23,herbivory,control,6,2,
23,herbivory,control,3,3,
23,herbivory,control,3,22,
23,herbivory,control,6,9,
23,herbivory,damage,13,4,
23,herbivory,damage,21,22,
23,herbivory,control,4,21,
23,herbivory,control,4,20,
23,herbivory,control,5,7,
23,herbivory,damage,27,6,
23,herbivory,damage,4,7,
23,herbivory,damage,5,5,
23,herbivory,control,5,16,
23,herbivory,control,11,4,
23,herbivory,control,5,24,
23,herbivory,damage,2,6,
23,herbivory,damage,28,11,
24,control,control,11,21,
24,control,control,1,13,
24,control,control,3,18,
24,control,control,2,10,
24,control,control,4,24,
24,control,damage,4,17,
24,control,control,1,8,
24,control,damage,0,21,
24,control,control,2,10,
24,control,control,7,21,
24,control,control,2,9,
24,control,damage,4,14,
24,control,control,2,19,
24,control,damage,4,15,
24,control,control,6,5,
24,control,damage,15,7,
24,control,control,1,17,
24,control,control,3,0,
24,control,control,1,7,
24,control,control,4,3,
24,control,damage,2,21,
24,control,control,6,4,
24,control,control,3,4,
24,control,control,14,15,
24,control,control,2,8,
24,control,control,2,2,
24,control,control,4,7,
24,control,control,1,19,
24,control,damage,2,4,
24,control,control,3,5,
24,control,damage,1,12,
24,control,control,5,24,
24,control,control,3,10,
27,control,control,12,22,
27,control,control,3,19,
27,control,control,5,2,
27,control,control,10,7,
27,control,control,1,22,
27,control,control,7,2,
27,control,control,5,10,
27,control,control,4,15,
27,control,control,1,19,
27,control,control,6,18,
27,control,control,0,10,
27,control,damage,6,18,
27,control,damage,4,10,
27,control,damage,3,14,
27,control,damage,2,12,
27,control,damage,18,20,
27,control,damage,5,8,
27,control,damage,2,10,
27,control,damage,3,12,
27,control,damage,12,0,
27,control,damage,4,20,
27,control,damage,17,22,
27,control,damage,8,16,
27,control,control,4,3,
27,control,damage,31,24,
27,control,control,0,22,
27,control,control,6,21,
32,control,control,2,15,
32,control,control,10,21,
32,control,control,4,15,
32,control,damage,2,8,
32,control,damage,0,22,
32,control,damage,2,7,
32,control,damage,1,24,
32,control,damage,4,23,
32,control,damage,2,9,
32,control,control,6,4,
32,control,control,3,11,
32,control,control,5,16,
32,control,control,3,4,
32,control,control,1,16,
32,control,control,5,16,
32,control,control,3,23,
32,control,control,1,2,
32,control,control,1,9,
32,control,control,7,7,
32,control,control,9,14,
32,control,control,1,18,
32,control,control,0,14,
32,control,control,2,14,
32,control,damage,2,20,
32,control,control,4,12,
32,control,damage,5,23,
32,control,damage,2,14,
32,control,damage,1,17,
32,control,damage,6,7,
32,control,damage,2,14,
32,control,damage,2,6,
32,control,damage,1,22,
32,control,damage,2,2,
32,control,damage,1,22,
32,control,damage,5,20,
32,control,damage,4,9,
32,control,damage,2,6,
32,control,damage,5,5,
32,control,damage,5,0,
32,control,damage,7,4,
32,control,damage,3,13,
32,control,damage,1,13,
32,control,damage,2,18,
32,control,damage,1,9,
32,control,damage,2,0,
32,control,damage,0,17,
32,control,damage,3,16,
35,herbivory,damage,11,5,
35,herbivory,damage,3,2,
35,herbivory,damage,1,13,
35,herbivory,damage,16,9,
35,herbivory,control,1,8,
35,herbivory,control,0,24,
35,herbivory,control,6,18,
35,herbivory,control,3,24,
35,herbivory,control,7,12,
35,herbivory,control,6,13,
35,herbivory,damage,4,0,
35,herbivory,damage,20,16,
35,herbivory,control,8,11,
35,herbivory,damage,4,4,
35,herbivory,damage,5,13,
35,herbivory,damage,1,6,
35,herbivory,damage,2,19,
35,herbivory,damage,3,0,
35,herbivory,damage,3,3,
35,herbivory,damage,3,24,
35,herbivory,damage,3,12,
35,herbivory,damage,6,5,
35,herbivory,damage,3,9,
35,herbivory,damage,2,18,
35,herbivory,damage,3,3,
35,herbivory,damage,7,17,
35,herbivory,damage,1,13,
35,herbivory,damage,0,11,
35,herbivory,damage,3,15,
35,herbivory,damage,1,15,
35,herbivory,control,2,2,
35,herbivory,control,3,14,
35,herbivory,control,2,9,
35,herbivory,damage,1,11,
35,herbivory,damage,0,11,
35,herbivory,damage,3,0,
35,herbivory,damage,1,6,
36,control,damage,2,19,
36,control,damage,1,0,
36,control,control,6,1,
36,control,control,10,16,
36,control,control,1,12,
36,control,damage,9,13,
36,control,control,3,19,
36,control,control,1,15,
36,control,control,5,7,
36,control,control,3,22,
36,control,damage,5,7,
36,control,damage,1,17,
36,control,damage,2,22,
36,control,damage,4,2,
36,control,damage,2,4,
36,control,damage,3,5,
36,control,control,2,15,
36,control,damage,5,18,
36,control,damage,2,20,
36,control,damage,5,19,
36,control,damage,5,15,
36,control,damage,7,19,
36,control,damage,1,19,
36,control,control,6,20,
36,control,damage,5,4,
36,control,control,2,6,
36,control,control,2,2,
36,control,control,3,3,
36,control,damage,4,24,
36,control,damage,1,19,
36,control,damage,1,17,
36,control,damage,5,1,
36,control,damage,5,7,
36,control,control,2,6,
36,control,control,2,5,
36,control,control,4,10,
36,control,control,3,7,
36,control,control,4,24,
37,control,control,6,12,
37,control,control,3,4,
37,control,control,4,5,
37,control,control,5,13,
37,control,control,4,19,
37,control,control,1,17,
37,control,control,2,6,
37,control,control,2,15,
37,control,control,4,10,
37,control,damage,3,7,
37,control,control,1,24,
37,control,control,2,15,
37,control,control,4,17,
37,control,control,3,5,
37,control,control,0,22,
37,control,damage,9,13,
37,control,damage,2,8,
37,control,damage,7,3,
37,control,damage,2,8,
37,control,control,3,13,
37,control,control,1,23,
37,control,damage,3,15,
37,control,damage,2,14,
37,control,damage,2,19,
37,control,damage,1,15,
37,control,damage,1,11,
38,control,control,6,12,
38,control,control,3,4,
38,control,control,4,5,
38,control,control,5,12,
38,control,control,4,19,
38,control,control,1,17,
38,control,control,2,7,
38,control,control,2,15,
38,control,control,4,11,
38,control,damage,3,7,
38,control,control,2,2,
38,control,control,2,15,
38,control,control,4,16,
38,control,control,3,5,
38,control,control,0,22,
38,control,damage,9,12,
38,control,damage,2,8,
38,control,damage,7,2,
38,control,damage,2,8,
38,control,control,3,15,
38,control,control,1,23,
38,control,damage,3,15,
38,control,damage,2,14,
38,control,damage,2,20,
38,control,damage,1,15,
38,control,damage,1,10,
40,herbivory,damage,4,5,
40,herbivory,damage,6,22,
40,herbivory,damage,4,21,
40,herbivory,damage,2,1,
40,herbivory,damage,2,1,
40,herbivory,damage,2,8,
40,herbivory,damage,2,24,
40,herbivory,damage,5,12,
40,herbivory,damage,3,7,
40,herbivory,damage,2,1,
40,herbivory,control,5,21,
40,herbivory,control,1,5,
40,herbivory,control,5,8,
40,herbivory,control,1,0,
40,herbivory,control,3,18,
40,herbivory,control,3,14,
40,herbivory,control,3,24,
40,herbivory,control,2,4,
40,herbivory,control,1,1,
40,herbivory,control,1,23,
40,herbivory,control,3,3,
40,herbivory,control,0,21,
40,herbivory,damage,5,3,
40,herbivory,damage,5,15,
40,herbivory,damage,6,12,
40,herbivory,damage,5,11,
40,herbivory,damage,2,23,
40,herbivory,damage,5,4,
40,herbivory,damage,1,17,
40,herbivory,damage,12,1,
40,herbivory,damage,2,3,
40,herbivory,damage,11,24,
40,herbivory,damage,3,8,
40,herbivory,damage,10,2,
40,herbivory,damage,1,22,
40,herbivory,damage,17,7,
42,herbivory,damage,7,9,
42,herbivory,damage,2,22,
42,herbivory,damage,5,7,
42,herbivory,control,2,24,
42,herbivory,control,30,21,
42,herbivory,damage,2,20,
42,herbivory,damage,0,19,
42,herbivory,damage,4,24,
42,herbivory,damage,5,14,
42,herbivory,damage,4,16,
42,herbivory,damage,13,10,
42,herbivory,control,14,3,
42,herbivory,damage,6,24,
42,herbivory,control,18,11,
42,herbivory,damage,4,16,
42,herbivory,damage,3,6,
43,control,control,1,5,
43,control,control,0,16,
43,control,control,3,20,
43,control,damage,4,11,
43,control,control,3,20,
43,control,control,7,14,
43,control,control,7,7,
43,control,damage,9,18,
43,control,control,4,11,
43,control,damage,15,12,
43,control,damage,5,16,
43,control,control,14,1,
43,control,control,5,7,
43,control,control,10,3,
43,control,control,17,15,
43,control,control,5,5,
44,herbivory,damage,4,9,
44,herbivory,damage,2,20,
44,herbivory,damage,6,13,
44,herbivory,damage,13,0,
44,herbivory,damage,8,12,
44,herbivory,damage,12,5,
44,herbivory,damage,6,12,
44,herbivory,damage,8,17,
44,herbivory,control,4,6,
44,herbivory,control,6,15,
44,herbivory,damage,7,24,
44,herbivory,damage,4,13,
44,herbivory,damage,3,18,
44,herbivory,damage,6,14,
44,herbivory,damage,6,11,
44,herbivory,damage,13,23,
44,herbivory,damage,0,16,
44,herbivory,damage,6,2,
53,herbivory,damage,3,10,
53,herbivory,damage,4,10,
53,herbivory,damage,3,0,
53,herbivory,damage,2,0,
53,herbivory,damage,1,20,
53,herbivory,damage,3,7,
53,herbivory,damage,2,18,
53,herbivory,damage,4,10,
53,herbivory,damage,2,11,
53,herbivory,damage,4,18,
53,herbivory,damage,3,13,
53,herbivory,damage,3,2,
53,herbivory,control,1,15,
53,herbivory,control,3,24,
53,herbivory,control,1,10,
53,herbivory,control,1,9,
53,herbivory,control,1,5,
53,herbivory,control,1,10,
53,herbivory,control,2,3,
53,herbivory,control,2,4,
53,herbivory,control,1,14,
53,herbivory,control,0,21,
53,herbivory,control,2,19,
53,herbivory,control,2,22,
53,herbivory,control,1,15,
53,herbivory,control,1,7,
53,herbivory,control,3,2,
53,herbivory,damage,2,8,
53,herbivory,damage,2,12,
53,herbivory,damage,4,3,
53,herbivory,damage,4,18,
53,herbivory,damage,1,22,
53,herbivory,damage,2,1,
53,herbivory,damage,3,1,
53,herbivory,control,3,22,
53,herbivory,control,2,9,
53,herbivory,control,2,9,
53,herbivory,control,4,15,
53,herbivory,control,2,18,
53,herbivory,control,2,19,
53,herbivory,control,2,8,
53,herbivory,damage,3,21,
53,herbivory,damage,2,6,
53,herbivory,damage,1,5,
53,herbivory,damage,2,8,
58,control,control,0,21,
58,control,damage,2,3,
58,control,control,2,18,
58,control,control,2,6,
58,control,control,2,18,
58,control,control,1,4,
58,control,control,0,18,
58,control,damage,1,17,
58,control,damage,1,17,
58,control,control,2,19,
58,control,damage,0,23,
58,control,control,1,23,
58,control,control,0,8,
58,control,control,2,2,
58,control,control,1,21,
58,control,control,1,19,
58,control,control,2,13,
58,control,control,1,15,
58,control,control,2,9,
58,control,control,2,13,
58,control,control,1,6,
58,control,control,0,15,
58,control,control,3,3,
58,control,control,0,15,
58,control,control,2,6,
58,control,control,1,20,
58,control,damage,2,24,
58,control,damage,0,13,
58,control,control,2,11,
58,control,control,0,23,
58,control,control,1,18,
58,control,damage,2,12,
58,control,control,1,24,
58,control,control,3,23,
58,control,control,2,22,
58,control,control,2,0,
58,control,damage,2,10,
58,control,control,2,4,
58,control,control,0,19,
58,control,damage,1,15,
67,herbivory,damage,3,17,
67,herbivory,damage,3,2,
67,herbivory,damage,1,4,
67,herbivory,control,3,11,
67,herbivory,control,2,4,
67,herbivory,control,0,21,
67,herbivory,damage,4,0,
67,herbivory,damage,3,23,
67,herbivory,control,6,11,
67,herbivory,damage,6,9,
67,herbivory,control,3,11,
67,herbivory,control,1,23,
67,herbivory,control,9,7,
67,herbivory,control,6,10,
67,herbivory,control,1,14,
67,herbivory,damage,5,20,
67,herbivory,damage,6,10,
67,herbivory,control,5,14,
67,herbivory,damage,1,24,
67,herbivory,control,1,10,
68,herbivory,damage,0,13,
68,herbivory,damage,4,19,
68,herbivory,damage,4,5,
68,herbivory,damage,5,19,
68,herbivory,damage,3,0,
68,herbivory,control,3,14,
68,herbivory,damage,1,10,
68,herbivory,damage,4,2,
68,herbivory,damage,1,7,
68,herbivory,damage,2,23,
68,herbivory,control,4,7,
68,herbivory,damage,4,18,
68,herbivory,control,2,11,
68,herbivory,control,2,20,
68,herbivory,control,2,12,
68,herbivory,control,3,15,
68,herbivory,control,5,4,
68,herbivory,damage,1,5,
68,herbivory,damage,3,18,
68,herbivory,damage,3,22,
68,herbivory,damage,2,10,
70,control,control,1,17,
70,control,control,3,2,
70,control,control,4,0,
70,control,control,3,6,
70,control,control,3,11,
70,control,control,0,24,
70,control,control,6,6,
70,control,control,1,14,
70,control,control,3,5,
70,control,control,3,13,
70,control,damage,1,9,
70,control,damage,4,22,
70,control,damage,2,11,
70,control,damage,5,2,
70,control,damage,3,1,
70,control,damage,2,3,
70,control,damage,2,16,
70,control,control,1,3,
70,control,control,0,15,
70,control,control,4,3,
70,control,control,7,5,
70,control,control,1,0,
70,control,control,1,10,
70,control,control,4,18,
70,control,damage,2,3,
70,control,damage,3,2,
70,control,control,2,13,
70,control,damage,6,10,
70,control,damage,1,17,
71,control,control,3,3,
71,control,control,1,11,
71,control,control,3,18,
71,control,control,3,11,
71,control,control,1,6,
71,control,damage,2,6,
71,control,control,2,19,
71,control,control,3,22,
71,control,control,4,12,
71,control,control,6,3,
71,control,control,0,15,
71,control,control,1,7,
71,control,control,2,4,
71,control,control,0,11,
71,control,damage,2,17,
71,control,damage,4,14,
71,control,damage,3,6,
71,control,control,2,1,
71,control,control,2,19,
71,control,control,2,1,
71,control,damage,4,4,
71,control,control,0,23,
71,control,control,3,17,
71,control,control,2,18,
71,control,damage,2,3,
71,control,damage,2,12,
71,control,control,2,3,
71,control,control,2,2,
71,control,control,4,24,
71,control,control,1,2,
71,control,control,5,15,
73,control,damage,1,16,
73,control,control,2,23,
73,control,control,5,7,
73,control,control,3,13,
73,control,control,3,18,
73,control,control,4,6,
73,control,control,3,2,
73,control,control,4,11,
73,control,control,4,22,
73,control,control,2,24,
73,control,control,2,14,
73,control,control,2,22,
73,control,damage,2,16,
73,control,damage,5,0,
73,control,damage,1,19,
73,control,damage,3,6,
73,control,damage,2,18,
73,control,damage,4,22,
73,control,damage,8,10,
73,control,damage,3,10,
73,control,control,2,6,
73,control,control,5,2,
73,control,control,1,0,
73,control,damage,3,22,
73,control,damage,4,2,
73,control,damage,1,20,
73,control,control,3,1,
75,herbivory,damage,2,5,
75,herbivory,damage,5,4,
75,herbivory,damage,6,15,
75,herbivory,damage,7,2,
75,herbivory,damage,3,18,
75,herbivory,control,2,19,
75,herbivory,control,2,19,
75,herbivory,control,1,16,
75,herbivory,damage,4,22,
75,herbivory,damage,4,2,
75,herbivory,damage,2,24,
75,herbivory,damage,0,20,
75,herbivory,damage,2,4,
75,herbivory,damage,1,9,
75,herbivory,damage,1,19,
75,herbivory,damage,2,4,
75,herbivory,damage,7,8,
75,herbivory,control,3,18,
75,herbivory,control,8,4,
75,herbivory,control,3,3,
75,herbivory,control,5,22,
75,herbivory,control,3,16,
75,herbivory,control,9,24,
75,herbivory,control,3,7,
75,herbivory,control,7,8,
75,herbivory,control,2,2,
75,herbivory,control,3,6,
75,herbivory,control,0,17,
75,herbivory,control,1,20,
77,control,control,5,19,
77,control,control,1,20,
77,control,control,6,5,
77,control,control,1,19,
77,control,control,8,8,
77,control,control,4,24,
77,control,control,3,11,
77,control,control,3,4,
77,control,control,1,23,
77,control,control,2,14,
77,control,control,7,6,
77,control,control,1,21,
77,control,damage,5,20,
77,control,control,6,7,
77,control,control,3,5,
77,control,control,6,8,
77,control,control,2,2,
77,control,control,3,20,
77,control,damage,2,17,
77,control,damage,2,17,
77,control,damage,3,0,
77,control,damage,4,22,
77,control,damage,8,16,
86,herbivory,damage,1,9,
86,herbivory,damage,4,22,
86,herbivory,control,8,11,
86,herbivory,control,3,10,
86,herbivory,control,3,9,
86,herbivory,control,3,2,
86,herbivory,control,4,19,
86,herbivory,control,2,24,
86,herbivory,control,3,3,
86,herbivory,control,3,8,
86,herbivory,control,5,6,
86,herbivory,control,2,12,
86,herbivory,control,4,9,
86,herbivory,control,3,10,
86,herbivory,control,2,16,
86,herbivory,damage,0,22,
86,herbivory,damage,5,13,
86,herbivory,damage,3,8,
86,herbivory,control,5,1,
86,herbivory,control,3,10,
86,herbivory,damage,1,18,
86,herbivory,control,4,22,
86,herbivory,damage,4,16,
86,herbivory,control,1,24,
87,control,control,3,24,
87,control,damage,2,20,
87,control,damage,4,1,
87,control,damage,3,16,
87,control,damage,0,18,
87,control,control,1,5,
87,control,control,3,8,
87,control,control,0,14,
87,control,control,4,0,
87,control,control,1,18,
87,control,control,2,14,
87,control,control,1,3,
87,control,damage,3,11,
87,control,damage,4,8,
87,control,damage,5,9,
87,control,damage,3,24,
87,control,damage,4,23,
87,control,damage,0,15,
87,control,damage,1,13,
87,control,control,2,4,
87,control,control,4,0,
87,control,control,1,5,
87,control,control,5,2,
87,control,control,2,12,
88,herbivory,damage,1,23,
88,herbivory,damage,1,19,
88,herbivory,damage,1,15,
88,herbivory,damage,2,18,
88,herbivory,damage,2,7,
88,herbivory,damage,1,14,
88,herbivory,damage,4,2,
88,herbivory,damage,1,12,
88,herbivory,damage,3,9,
88,herbivory,damage,2,11,
88,herbivory,control,3,7,
88,herbivory,control,0,19,
88,herbivory,control,1,24,
88,herbivory,control,2,7,
88,herbivory,control,1,20,
88,herbivory,control,2,16,
88,herbivory,control,3,9,
88,herbivory,control,1,1,
88,herbivory,control,2,7,
88,herbivory,control,3,23,
88,herbivory,control,5,13,
88,herbivory,control,2,11,
90,control,control,1,0,
90,control,control,1,2,
90,control,control,4,21,
90,control,damage,3,4,
90,control,control,2,18,
90,control,control,4,19,
90,control,control,3,14,
90,control,control,1,25,
90,control,control,0,18,
90,control,control,2,22,
90,control,control,3,16,
90,control,control,1,12,
90,control,control,0,11,
90,control,control,0,22,
90,control,control,1,15,
90,control,control,1,8,
90,control,damage,3,13,
90,control,damage,2,16,
90,control,damage,6,22,
90,control,damage,2,11,
90,control,damage,2,12,
90,control,damage,2,1,
90,control,damage,1,15,
90,control,damage,6,1,
90,control,damage,2,0,
90,control,damage,6,23,
90,control,damage,0,21,
90,control,damage,4,4,
91,herbivory,damage,4,9,
91,herbivory,damage,2,5,
91,herbivory,damage,2,14,
91,herbivory,damage,1,16,
91,herbivory,damage,0,14,
91,herbivory,control,1,0,
91,herbivory,control,1,23,
91,herbivory,control,1,12,
91,herbivory,control,1,11,
91,herbivory,control,2,6,
91,herbivory,control,4,17,
91,herbivory,damage,2,22,
91,herbivory,control,3,20,
91,herbivory,control,0,21,
91,herbivory,control,3,10,
91,herbivory,control,0,22,
91,herbivory,control,3,4,
91,herbivory,damage,6,8,
91,herbivory,control,1,9,
91,herbivory,control,2,6,
91,herbivory,damage,1,20,
91,herbivory,damage,0,16,
91,herbivory,damage,1,24,
91,herbivory,control,1,17,
91,herbivory,control,2,23,
91,herbivory,control,2,2,
91,herbivory,damage,2,1,
91,herbivory,control,1,3,
91,herbivory,damage,1,24,
94,control,control,2,16,
94,control,control,6,23,
94,control,control,4,11,
94,control,control,5,3,
94,control,control,4,9,
94,control,control,3,30,
94,control,control,4,23,
94,control,control,4,6,
94,control,control,5,20,
94,control,control,4,9,
94,control,control,4,8,
94,control,control,1,6,
94,control,damage,5,23,
94,control,damage,2,7,
94,control,damage,3,1,
94,control,damage,2,7,
94,control,damage,1,2,
94,control,damage,5,2,
94,control,damage,5,15,
94,control,control,4,4,
94,control,control,4,11,
94,control,control,5,10,
94,control,control,2,17,
95,herbivory,control,1,9,
95,herbivory,damage,5,18,
95,herbivory,damage,3,23,
95,herbivory,damage,5,1,
95,herbivory,damage,5,9,
95,herbivory,damage,4,14,
95,herbivory,damage,1,22,
95,herbivory,damage,3,8,
95,herbivory,damage,1,11,
95,herbivory,damage,3,18,
95,herbivory,control,5,8,
95,herbivory,control,5,7,
95,herbivory,control,3,23,
95,herbivory,damage,3,19,
95,herbivory,damage,3,14,
95,herbivory,damage,5,3,
95,herbivory,control,3,8,
95,herbivory,damage,5,23,
95,herbivory,control,4,24,
95,herbivory,damage,3,14,
95,herbivory,damage,1,6,
95,herbivory,control,2,12,
95,herbivory,control,1,21,
95,herbivory,control,2,10,
95,herbivory,control,2,19,
95,herbivory,control,6,4,
95,herbivory,control,5,8,
95,herbivory,control,5,14,
95,herbivory,control,3,2,
95,herbivory,control,5,10,
95,herbivory,control,2,11,
95,herbivory,control,1,13,
95,herbivory,damage,3,13,
95,herbivory,control,3,2,
96,herbivory,damage,4,1,
96,herbivory,damage,7,6,
96,herbivory,damage,4,2,
96,herbivory,damage,4,5,
96,herbivory,damage,5,23,
96,herbivory,damage,4,20,
96,herbivory,damage,4,2,
96,herbivory,control,2,7,
96,herbivory,control,0,13,
96,herbivory,control,0,24,
96,herbivory,damage,5,24,
96,herbivory,control,1,4,
96,herbivory,control,1,6,
96,herbivory,damage,2,23,
96,herbivory,control,1,7,
96,herbivory,control,3,14,
96,herbivory,damage,3,5,
107,control,control,2,5,
107,control,control,3,15,
107,control,control,3,13,
107,control,control,8,3,
107,control,control,6,6,
107,control,damage,4,15,
107,control,damage,5,19,
107,control,damage,2,18,
107,control,damage,2,9,
107,control,damage,2,9,
107,control,damage,0,22,
107,control,damage,1,17,
107,control,damage,1,10,
107,control,damage,1,2,
107,control,damage,1,20,
107,control,damage,4,2,
107,control,damage,3,0,
107,control,control,1,23,
107,control,damage,3,12,
107,control,damage,4,10,
113,control,control,2,22,
113,control,damage,12,4,
113,control,damage,20,1,
113,control,damage,7,12,
113,control,damage,3,24,
113,control,damage,4,9,
113,control,control,3,11,
113,control,damage,4,19,
113,control,damage,1,17,
113,control,damage,1,14,
113,control,damage,3,0,
113,control,control,5,1,
113,control,control,8,6,
113,control,control,7,16,
113,control,control,2,30,
113,control,control,9,5,
113,control,control,2,2,
114,herbivory,damage,1,24,
114,herbivory,damage,3,2,
114,herbivory,control,10,20,
114,herbivory,control,2,21,
114,herbivory,control,5,13,
114,herbivory,control,4,15,
114,herbivory,control,2,10,
114,herbivory,control,2,17,
114,herbivory,control,1,19,
114,herbivory,control,9,1,
114,herbivory,control,2,22,
114,herbivory,control,8,7,
114,herbivory,damage,3,5,
114,herbivory,damage,3,22,
114,herbivory,damage,2,0,
114,herbivory,control,7,10,
114,herbivory,control,3,19,
114,herbivory,damage,1,14,
114,herbivory,control,1,5,
114,herbivory,control,3,14,
114,herbivory,control,2,12,
114,herbivory,damage,1,5,
115,control,control,2,14,
115,control,damage,4,4,
115,control,damage,6,1,
115,control,damage,8,1,
115,control,damage,5,2,
115,control,damage,1,11,
115,control,damage,6,11,
115,control,damage,0,15,
115,control,damage,3,7,
115,control,damage,3,3,
115,control,damage,7,21,
115,control,damage,4,16,
115,control,damage,5,24,
115,control,damage,2,5,
115,control,control,2,10,
115,control,control,7,14,
115,control,control,8,7,
115,control,control,10,19,
115,control,control,15,24,
115,control,control,4,0,
115,control,control,10,15,
115,control,control,10,7,
115,control,control,3,6,
116,herbivory,damage,5,10,
116,herbivory,damage,2,23,
116,herbivory,damage,0,15,
116,herbivory,damage,1,21,
116,herbivory,damage,1,4,
116,herbivory,damage,0,20,
116,herbivory,damage,2,19,
116,herbivory,damage,3,12,
116,herbivory,damage,0,15,
116,herbivory,control,0,24,
116,herbivory,control,5,1,
116,herbivory,control,3,2,
116,herbivory,control,2,19,
116,herbivory,control,3,18,
116,herbivory,control,2,5,
116,herbivory,control,0,17,
116,herbivory,control,3,24,
116,herbivory,control,3,3,
116,herbivory,control,1,20,
116,herbivory,control,1,15,
116,herbivory,control,4,0,
116,herbivory,control,1,14,
116,herbivory,damage,3,23,
116,herbivory,damage,2,15,
116,herbivory,damage,2,4,
116,herbivory,damage,1,7,
116,herbivory,damage,1,16,
116,herbivory,damage,2,17,
116,herbivory,control,2,8,
116,herbivory,control,3,4,
121,control,control,5,23,
121,control,control,6,22,
121,control,control,9,22,
121,control,control,11,12,
121,control,control,4,17,
121,control,control,6,11,
121,control,control,8,22,
121,control,control,2,9,
121,control,control,3,14,
121,control,control,6,15,
121,control,damage,1,6,
121,control,damage,10,10,
121,control,damage,10,16,
121,control,damage,6,19,
121,control,damage,7,8,
121,control,damage,6,22,
121,control,damage,10,1,
121,control,damage,2,9,
121,control,damage,6,14,
121,control,control,4,23,
121,control,control,4,1,
121,control,control,1,3,
121,control,control,9,5,
121,control,control,6,10,
121,control,control,9,7,
121,control,control,5,7,
121,control,control,6,5,
121,control,control,2,18,
122,control,control,1,9,
122,control,damage,4,3,
122,control,control,2,11,
122,control,control,3,19,
122,control,control,2,19,
122,control,damage,1,18,
122,control,control,3,19,
122,control,damage,3,17,
122,control,damage,6,8,
122,control,damage,3,24,
122,control,damage,3,20,
122,control,control,4,4,
122,control,control,4,11,
122,control,control,2,6,
122,control,control,1,0,
122,control,control,5,0,
122,control,control,2,7,
122,control,control,1,3,
122,control,control,4,14,
122,control,damage,6,11,
122,control,control,1,0,
122,control,control,1,12,
122,control,control,2,1,
122,control,damage,3,7,
122,control,damage,3,5,
122,control,damage,2,24,
122,control,control,3,19,
122,control,control,3,2,
122,control,control,3,4,
122,control,control,6,1,
122,control,control,2,3,
122,control,control,3,16,
122,control,control,5,0,
122,control,control,3,20,
122,control,control,3,12,
122,control,control,2,17,
122,control,damage,2,1,
122,control,damage,1,15,
124,herbivory,damage,3,7,
124,herbivory,damage,6,0,
124,herbivory,damage,3,15,
124,herbivory,damage,4,18,
124,herbivory,damage,3,21,
124,herbivory,damage,0,23,
124,herbivory,damage,3,8,
124,herbivory,control,2,23,
124,herbivory,control,2,17,
124,herbivory,control,4,3,
124,herbivory,control,2,22,
124,herbivory,control,6,14,
124,herbivory,damage,1,13,
124,herbivory,control,1,6,
124,herbivory,control,3,23,
124,herbivory,control,0,19,
124,herbivory,control,2,12,
124,herbivory,control,4,6,
124,herbivory,control,2,7,
124,herbivory,control,4,17,
124,herbivory,damage,0,15,
124,herbivory,damage,4,10,
124,herbivory,control,3,19,
124,herbivory,control,3,20,
124,herbivory,control,3,10,
124,herbivory,control,4,10,
124,herbivory,control,1,23,
124,herbivory,control,3,1,
124,herbivory,control,2,9,
126,control,control,1,24,
126,control,control,5,8,
126,control,control,4,11,
126,control,control,1,3,
126,control,control,4,20,
126,control,control,0,12,
126,control,control,1,12,
126,control,control,4,17,
126,control,control,2,12,
126,control,damage,1,3,
126,control,damage,1,3,
126,control,damage,4,19,
126,control,damage,1,20,
126,control,damage,1,21,
126,control,damage,1,7,
126,control,damage,1,4,
126,control,damage,3,8,
126,control,damage,4,17,
126,control,damage,2,2,
126,control,damage,1,12,
126,control,damage,2,11,
126,control,damage,0,24,
126,control,damage,1,10,
126,control,damage,1,23,
126,control,damage,1,24,
126,control,damage,1,1,
126,control,control,0,23,
126,control,damage,6,4,
126,control,damage,3,0,
126,control,damage,4,10,
126,control,damage,4,13,
126,control,damage,2,3,
126,control,damage,2,15,
126,control,damage,1,16,
126,control,damage,3,7,
126,control,damage,2,6,
126,control,damage,5,17,
126,control,damage,1,18,
126,control,damage,1,24,
126,control,damage,4,2,
126,control,damage,1,15,
126,control,damage,1,11,
126,control,damage,1,24,
126,control,damage,2,10,
126,control,damage,1,17,
126,control,damage,2,13,
126,control,damage,1,24,
126,control,damage,2,19,
126,control,damage,5,24,
126,control,damage,1,18,
126,control,damage,2,21,
126,control,damage,4,4,
126,control,control,2,7,
126,control,control,2,10,
126,control,damage,3,8,
126,control,damage,3,21,
126,control,damage,2,17,
126,control,damage,3,7,
136,control,control,7,15,
136,control,control,1,3,
136,control,damage,1,16,
136,control,damage,1,10,
136,control,damage,5,2,
136,control,control,8,25,
136,control,control,3,8,
136,control,control,4,17,
136,control,damage,4,11,
136,control,control,6,14,
136,control,control,7,8,
136,control,control,5,11,
136,control,damage,1,13,
136,control,damage,5,11,
136,control,damage,4,12,
136,control,control,10,13,
136,control,control,6,14,
136,control,control,7,4,
136,control,damage,4,18,
136,control,control,5,15,
136,control,control,4,4,
136,control,control,4,1,
136,control,damage,6,17,
136,control,control,4,6,
136,control,control,1,16,
136,control,control,4,21,
139,control,control,3,15,
139,control,control,10,4,
139,control,control,5,13,
139,control,control,10,7,
139,control,control,9,8,
139,control,control,4,11,
139,control,damage,13,9,
139,control,damage,5,11,
139,control,damage,2,0,
139,control,damage,2,24,
139,control,damage,13,0,
139,control,damage,5,16,
139,control,damage,6,3,
139,control,damage,12,10,
139,control,damage,3,2,
139,control,control,3,22,
139,control,control,4,20,
139,control,damage,14,9,
139,control,control,18,15,
139,control,control,8,12,
139,control,control,15,20,
139,control,control,9,9,
139,control,damage,5,5,
139,control,damage,1,5,
139,control,damage,6,23,
143,control,control,8,2,
143,control,control,1,9,
143,control,damage,0,22,
143,control,damage,8,21,
143,control,damage,0,12,
143,control,damage,4,12,
143,control,control,0,24,
143,control,damage,2,19,
143,control,damage,4,20,
143,control,damage,1,20,
143,control,control,2,11,
143,control,damage,4,20,
143,control,damage,1,4,
143,control,control,4,20,
143,control,control,8,6,
143,control,damage,1,2,
143,control,damage,1,6,
143,control,damage,3,3,
143,control,damage,4,10,
143,control,control,2,7,
143,control,damage,7,3,
143,control,damage,2,4,
143,control,control,2,18,
146,herbivory,damage,3,17,
146,herbivory,control,5,15,
146,herbivory,damage,4,5,
146,herbivory,damage,4,19,
146,herbivory,damage,5,1,
146,herbivory,control,4,21,
146,herbivory,damage,10,12,
146,herbivory,control,4,5,
146,herbivory,damage,4,14,
146,herbivory,damage,2,5,
146,herbivory,control,5,0,
146,herbivory,control,11,20,
146,herbivory,control,4,21,
146,herbivory,control,7,22,
146,herbivory,damage,3,18,
146,herbivory,control,8,9,
146,herbivory,control,4,6,
146,herbivory,damage,2,17,
146,herbivory,control,4,9,
146,herbivory,control,1,24,
146,herbivory,control,5,5,
146,herbivory,control,6,12,
146,herbivory,control,4,24,
146,herbivory,control,6,10,
150,control,control,2,7,
150,control,control,5,0,
150,control,control,5,9,
150,control,control,10,17,
150,control,control,5,2,
150,control,control,9,6,
150,control,damage,10,12,
150,control,damage,8,4,
150,control,damage,5,6,
150,control,damage,9,6,
150,control,damage,4,21,
150,control,damage,4,18,
150,control,damage,3,17,
150,control,damage,4,5,
150,control,control,6,21,
150,control,control,10,11,
150,control,control,2,21,
152,control,control,8,14,
152,control,control,9,11,
152,control,control,0,12,
152,control,damage,8,7,
152,control,damage,9,6,
152,control,control,3,7,
152,control,control,0,10,
152,control,control,10,21,
152,control,control,4,4,
152,control,control,0,20,
152,control,damage,8,15,
152,control,damage,9,20,
152,control,damage,15,6,
152,control,damage,5,22,
152,control,damage,5,14,
152,control,damage,1,22,
152,control,damage,4,18,
155,herbivory,damage,5,4,
155,herbivory,damage,4,17,
155,herbivory,damage,1,24,
155,herbivory,damage,4,15,
155,herbivory,damage,2,15,
155,herbivory,control,5,10,
155,herbivory,control,2,21,
155,herbivory,control,2,0,
155,herbivory,control,2,1,
155,herbivory,control,6,5,
155,herbivory,control,1,15,
155,herbivory,damage,2,10,
155,herbivory,damage,3,1,
155,herbivory,damage,0,22,
155,herbivory,damage,0,14,
155,herbivory,damage,0,13,
155,herbivory,damage,1,13,
155,herbivory,control,3,11,
155,herbivory,damage,3,3,
155,herbivory,damage,3,14,
155,herbivory,damage,2,13,
155,herbivory,damage,0,19,
155,herbivory,damage,4,22,
155,herbivory,damage,0,15,
155,herbivory,damage,2,9,
156,control,control,1,9,
156,control,control,0,19,
156,control,control,1,15,
156,control,control,1,14,
156,control,control,4,5,
156,control,damage,7,16,
156,control,damage,2,5,
156,control,control,3,22,
156,control,control,4,7,
156,control,control,0,22,
156,control,damage,3,7,
156,control,damage,4,18,
156,control,damage,1,7,
156,control,damage,4,16,
156,control,damage,4,23,
156,control,control,4,0,
156,control,damage,6,7,
156,control,damage,3,23,
156,control,damage,2,13,
156,control,damage,2,8,
156,control,damage,4,24,
156,control,damage,6,15,
156,control,damage,5,5,
156,control,damage,6,13,
156,control,damage,4,1,
156,control,damage,3,16,
156,control,damage,11,13,
158,herbivory,damage,4,1,
158,herbivory,control,1,1,
158,herbivory,control,3,15,
158,herbivory,control,3,5,
158,herbivory,control,3,12,
158,herbivory,damage,1,19,
158,herbivory,damage,0,16,
158,herbivory,damage,3,8,
158,herbivory,damage,3,16,
158,herbivory,damage,3,5,
158,herbivory,control,3,11,
158,herbivory,control,4,2,
158,herbivory,control,7,5,
158,herbivory,control,0,13,
158,herbivory,control,1,0,
158,herbivory,control,2,10,
158,herbivory,damage,2,16,
158,herbivory,control,5,14,
158,herbivory,control,1,5,
158,herbivory,damage,9,6,
158,herbivory,damage,2,21,
158,herbivory,damage,3,18,
158,herbivory,control,2,20,
158,herbivory,damage,5,0,
158,herbivory,damage,2,3,
158,herbivory,damage,3,3,
158,herbivory,damage,1,2,
158,herbivory,damage,4,22,
158,herbivory,control,5,5,
158,herbivory,control,3,12,
158,herbivory,control,4,1,
158,herbivory,control,4,5,
158,herbivory,control,1,16,
161,herbivory,damage,3,9,
161,herbivory,damage,1,13,
161,herbivory,control,2,1,
161,herbivory,control,7,12,
161,herbivory,control,1,8,
161,herbivory,control,1,4,
161,herbivory,control,5,11,
161,herbivory,control,3,22,
161,herbivory,control,3,19,
161,herbivory,control,3,10,
161,herbivory,control,11,5,
161,herbivory,control,7,16,
161,herbivory,control,1,17,
161,herbivory,control,12,2,
161,herbivory,control,3,18,
161,herbivory,control,1,6,
161,herbivory,damage,1,13,
161,herbivory,damage,11,10,
161,herbivory,control,1,6,
161,herbivory,control,2,14,
161,herbivory,damage,8,18,
162,herbivory,control,6,5,
162,herbivory,control,3,19,
162,herbivory,damage,3,10,
162,herbivory,control,3,4,
162,herbivory,control,4,16,
162,herbivory,control,2,10,
162,herbivory,control,4,5,
162,herbivory,control,6,0,
162,herbivory,damage,3,21,
162,herbivory,damage,5,12,
162,herbivory,damage,4,22,
162,herbivory,damage,3,11,
162,herbivory,damage,2,20,
162,herbivory,control,4,5,
162,herbivory,control,2,22,
162,herbivory,damage,6,15,
162,herbivory,damage,3,23,
162,herbivory,damage,2,7,
162,herbivory,damage,2,5,
162,herbivory,damage,4,0,
162,herbivory,damage,3,6,
162,herbivory,damage,2,22,
162,herbivory,damage,1,20,
162,herbivory,damage,8,12,
164,herbivory,damage,7,11,
164,herbivory,damage,0,21,
164,herbivory,damage,5,2,
164,herbivory,damage,7,3,
164,herbivory,damage,6,5,
164,herbivory,damage,2,0,
164,herbivory,control,1,22,
164,herbivory,control,3,13,
164,herbivory,control,0,17,
164,herbivory,control,8,11,
164,herbivory,control,3,15,
164,herbivory,control,4,0,
164,herbivory,control,11,0,
164,herbivory,damage,3,15,
164,herbivory,control,5,18,
165,control,damage,3,20,
165,control,damage,4,3,
165,control,control,5,8,
165,control,damage,6,7,
165,control,control,4,19,
165,control,control,3,24,
165,control,damage,4,15,
165,control,damage,1,10,
165,control,control,2,17,
165,control,damage,4,24,
165,control,damage,1,12,
165,control,damage,2,23,
165,control,control,4,2,
165,control,control,2,15,
165,control,damage,4,8,
165,control,control,2,10,
165,control,control,3,8,
165,control,control,1,9,
165,control,control,2,11,
165,control,damage,2,13,
165,control,damage,7,0,
165,control,damage,4,0,
165,control,damage,8,13,
165,control,control,1,18,
165,control,control,1,10,
165,control,control,0,12,
165,control,damage,2,9,
165,control,control,1,17,
165,control,control,0,17,
166,herbivory,damage,1,10,
166,herbivory,damage,4,9,
166,herbivory,control,3,0,
166,herbivory,control,1,15,
166,herbivory,damage,2,9,
166,herbivory,control,3,10,
166,herbivory,control,2,4,
166,herbivory,control,1,18,
166,herbivory,damage,1,21,
166,herbivory,damage,1,16,
166,herbivory,damage,1,7,
166,herbivory,damage,2,2,
166,herbivory,damage,2,8,
166,herbivory,damage,4,2,
166,herbivory,damage,1,22,
166,herbivory,damage,1,12,
166,herbivory,control,1,9,
166,herbivory,control,3,17,
166,herbivory,damage,1,23,
166,herbivory,damage,3,6,
166,herbivory,control,3,19,
166,herbivory,control,2,7,
166,herbivory,control,2,8,
166,herbivory,control,2,10,
166,herbivory,control,1,23,
166,herbivory,control,3,1,
166,herbivory,control,1,17,
166,herbivory,control,3,6,
166,herbivory,control,1,5,
166,herbivory,damage,1,1,
166,herbivory,control,3,6,
170,herbivory,damage,3,2,
170,herbivory,control,4,13,
170,herbivory,control,2,11,
170,herbivory,control,5,15,
170,herbivory,control,6,14,
170,herbivory,control,2,24,
170,herbivory,damage,4,10,
170,herbivory,damage,0,23,
170,herbivory,damage,2,1,
170,herbivory,control,5,0,
170,herbivory,control,1,4,
170,herbivory,control,1,5,
170,herbivory,damage,4,8,
170,herbivory,damage,5,7,
170,herbivory,control,2,19,
170,herbivory,control,2,7,
170,herbivory,control,6,11,
170,herbivory,control,3,13,
170,herbivory,damage,1,24,
170,herbivory,control,8,23,
170,herbivory,control,4,8,
170,herbivory,control,0,21,
170,herbivory,control,1,20,
170,herbivory,damage,3,11,
170,herbivory,damage,5,22,
175,herbivory,damage,5,21,
175,herbivory,damage,2,17,
175,herbivory,damage,3,7,
175,herbivory,control,2,21,
175,herbivory,control,2,20,
175,herbivory,control,1,20,
175,herbivory,control,0,16,
175,herbivory,control,3,16,
175,herbivory,control,7,8,
175,herbivory,control,3,6,
175,herbivory,damage,1,15,
175,herbivory,damage,2,3,
175,herbivory,damage,2,5,
175,herbivory,damage,4,7,
175,herbivory,damage,2,3,
175,herbivory,damage,4,3,
175,herbivory,control,4,13,
175,herbivory,control,3,9,
175,herbivory,control,4,4,
175,herbivory,control,4,24,
176,control,control,3,24,
176,control,control,3,4,
176,control,control,1,12,
176,control,damage,1,7,
176,control,damage,0,16,
176,control,damage,3,14,
176,control,damage,2,3,
176,control,damage,3,22,
176,control,control,4,4,
176,control,control,2,12,
176,control,control,3,0,
176,control,control,2,12,
176,control,damage,3,14,
176,control,damage,2,21,
176,control,damage,2,2,
176,control,damage,1,7,
176,control,damage,3,16,
176,control,control,3,0,
176,control,control,1,24,
176,control,control,1,21,
176,control,damage,1,9,
176,control,damage,1,16,
176,control,control,2,15,
176,control,damage,2,24,
176,control,control,2,23,
176,control,damage,2,7,
176,control,control,2,14,
176,control,damage,4,0,
176,control,damage,2,19,
177,control,control,2,12,
177,control,control,2,1,
177,control,control,2,24,
177,control,control,0,16,
177,control,control,3,19,
177,control,control,4,18,
177,control,control,0,16,
177,control,damage,3,19,
177,control,damage,0,16,
177,control,damage,1,24,
177,control,damage,2,2,
177,control,damage,1,12,
177,control,damage,3,22,
177,control,damage,4,0,
177,control,damage,1,22,
177,control,control,3,6,
177,control,control,2,15,
177,control,control,3,4,
177,control,control,3,15,
177,control,damage,2,7,
177,control,damage,2,10,
177,control,damage,6,2,
177,control,damage,2,11,
177,control,damage,6,8,
177,control,damage,3,5,
177,control,damage,3,15,
177,control,damage,4,24,
179,herbivory,damage,2,19,
179,herbivory,damage,2,15,
179,herbivory,damage,1,9,
179,herbivory,damage,1,25,
179,herbivory,damage,2,12,
179,herbivory,damage,2,15,
179,herbivory,control,3,11,
179,herbivory,control,4,5,
179,herbivory,control,2,20,
179,herbivory,control,3,11,
179,herbivory,control,4,0,
179,herbivory,control,2,24,
179,herbivory,control,2,11,
179,herbivory,control,2,6,
179,herbivory,control,1,17,
179,herbivory,control,2,7,
179,herbivory,control,1,0,
179,herbivory,control,2,2,
179,herbivory,control,3,13,
179,herbivory,control,2,12,
179,herbivory,damage,2,4,
179,herbivory,damage,2,9,
179,herbivory,damage,1,7,
179,herbivory,damage,1,23,
179,herbivory,damage,1,19,
179,herbivory,control,2,5,
179,herbivory,control,1,22,
179,herbivory,damage,2,8,
179,herbivory,damage,1,0,
179,herbivory,control,1,11,
179,herbivory,control,2,9,
179,herbivory,control,1,15,
192,control,control,5,24,
192,control,control,2,15,
192,control,control,4,8,
192,control,control,4,17,
192,control,damage,2,7,
192,control,damage,1,10,
192,control,damage,3,22,
192,control,damage,3,19,
192,control,damage,1,2,
192,control,control,2,23,
192,control,damage,4,6,
192,control,damage,3,7,
192,control,damage,2,7,
192,control,control,1,2,
192,control,control,2,14,
192,control,control,6,3,
192,control,control,4,4,
192,control,control,1,5,
192,control,control,3,20,
192,control,control,3,13,
192,control,control,5,10,
192,control,control,4,5,
193,control,control,5,21,
193,control,damage,9,15,
193,control,damage,8,1,
193,control,damage,6,19,
193,control,damage,0,22,
193,control,damage,3,19,
193,control,damage,7,10,
193,control,damage,9,9,
193,control,damage,2,11,
193,control,damage,3,8,
193,control,damage,6,12,
193,control,damage,12,8,
193,control,damage,4,24,
193,control,control,6,13,
193,control,damage,12,7,
193,control,damage,2,9,
193,control,damage,5,2,
193,control,damage,4,9,
193,control,control,5,0,
193,control,damage,3,2,
193,control,damage,7,8,
193,control,control,3,3,
193,control,control,2,7,
193,control,damage,4,7,
193,control,damage,4,18,
193,control,control,6,15,
193,control,control,12,11,
194,herbivory,damage,2,4,
194,herbivory,damage,1,16,
194,herbivory,damage,5,4,
194,herbivory,damage,2,1,
194,herbivory,damage,2,5,
194,herbivory,damage,3,7,
194,herbivory,control,3,0,
194,herbivory,control,2,10,
194,herbivory,control,3,4,
194,herbivory,control,2,3,
194,herbivory,control,4,2,
194,herbivory,control,1,24,
194,herbivory,control,1,3,
194,herbivory,control,4,4,
194,herbivory,control,2,10,
194,herbivory,control,3,0,
194,herbivory,control,1,19,
194,herbivory,control,1,6,
194,herbivory,damage,3,9,
198,control,control,7,12,
198,control,control,4,1,
198,control,damage,3,10,
198,control,control,8,9,
198,control,control,2,13,
198,control,damage,2,7,
198,control,control,2,7,
198,control,damage,4,17,
198,control,damage,2,18,
198,control,control,7,2,
198,control,control,6,11,
198,control,control,3,20,
198,control,damage,10,6,
198,control,control,5,19,
198,control,damage,6,16,
201,herbivory,damage,4,19,
201,herbivory,damage,1,3,
201,herbivory,damage,1,2,
201,herbivory,damage,4,24,
201,herbivory,damage,5,15,
201,herbivory,damage,4,20,
201,herbivory,damage,3,15,
201,herbivory,control,5,13,
201,herbivory,control,3,1,
201,herbivory,damage,4,3,
201,herbivory,damage,3,1,
201,herbivory,damage,4,2,
201,herbivory,damage,4,21,
201,herbivory,control,5,3,
201,herbivory,control,4,18,
201,herbivory,control,4,2,
201,herbivory,control,4,10,
201,herbivory,control,5,8,
201,herbivory,control,7,20,
201,herbivory,control,6,12,
201,herbivory,control,2,2,
201,herbivory,control,4,22,
201,herbivory,control,5,16,
201,herbivory,control,2,13,
201,herbivory,control,7,2,
201,herbivory,control,3,6,
201,herbivory,control,4,22,
201,herbivory,control,4,12,
201,herbivory,damage,3,23,
201,herbivory,damage,3,14,
201,herbivory,damage,5,2,
201,herbivory,damage,3,4,
203,herbivory,damage,4,0,
203,herbivory,damage,3,1,
203,herbivory,damage,2,3,
203,herbivory,damage,3,5,
203,herbivory,damage,1,14,
203,herbivory,damage,1,3,
203,herbivory,damage,3,20,
203,herbivory,damage,3,22,
203,herbivory,damage,1,22,
203,herbivory,damage,2,5,
203,herbivory,damage,2,19,
203,herbivory,damage,3,7,
203,herbivory,damage,4,12,
203,herbivory,damage,1,12,
203,herbivory,damage,1,17,
203,herbivory,damage,2,3,
203,herbivory,damage,1,24,
203,herbivory,control,3,12,
203,herbivory,control,3,8,
203,herbivory,control,3,17,
203,herbivory,control,3,17,
203,herbivory,control,0,16,
203,herbivory,control,9,6,
203,herbivory,control,3,12,
203,herbivory,control,4,0,
203,herbivory,control,5,2,
204,control,damage,1,20,
204,control,damage,3,21,
204,control,control,3,15,
204,control,control,3,5,
204,control,control,3,13,
204,control,control,1,4,
204,control,control,1,16,
204,control,control,3,23,
204,control,control,1,15,
204,control,damage,4,8,
204,control,damage,3,7,
204,control,damage,5,5,
204,control,control,6,3,
204,control,damage,3,17,
204,control,damage,2,9,
204,control,control,3,18,
204,control,control,3,22,
206,control,control,2,18,
206,control,control,2,4,
206,control,control,10,4,
206,control,control,0,18,
206,control,control,12,23,
206,control,damage,2,1,
206,control,damage,3,9,
206,control,damage,2,13,
206,control,damage,5,22,
206,control,damage,9,17,
206,control,damage,3,14,
206,control,control,4,15,
206,control,damage,4,4,
206,control,damage,7,2,
206,control,control,3,10,
206,control,control,5,6,
206,control,damage,1,11,
206,control,damage,5,3,
206,control,damage,2,22,
206,control,damage,8,23,
206,control,control,7,23,
206,control,damage,8,2,
208,herbivory,damage,0,23,
208,herbivory,damage,2,15,
208,herbivory,damage,9,13,
208,herbivory,damage,3,19,
208,herbivory,damage,4,12,
208,herbivory,damage,8,4,
208,herbivory,control,1,17,
208,herbivory,damage,1,8,
208,herbivory,control,3,16,
208,herbivory,control,8,0,
208,herbivory,damage,4,14,
208,herbivory,damage,3,6,
208,herbivory,control,9,14,
208,herbivory,damage,2,7,
208,herbivory,control,5,15,
208,herbivory,control,2,24,
208,herbivory,control,4,6,
208,herbivory,control,1,9,
208,herbivory,damage,2,1,
208,herbivory,damage,1,9,
208,herbivory,damage,3,8,
208,herbivory,damage,5,17,
208,herbivory,damage,4,1,
209,control,control,4,8,
209,control,control,1,0,
209,control,control,4,23,
209,control,control,2,6,
209,control,damage,1,23,
209,control,damage,3,22,
209,control,damage,6,7,
209,control,damage,3,12,
209,control,damage,3,20,
209,control,damage,2,14,
209,control,damage,3,18,
209,control,damage,5,4,
209,control,damage,3,14,
209,control,damage,2,0,
209,control,damage,3,21,
209,control,damage,4,8,
209,control,damage,3,17,
209,control,damage,6,18,
209,control,damage,1,7,
209,control,damage,4,9,
209,control,damage,3,20,
209,control,damage,0,15,
209,control,damage,3,21,
209,control,control,2,15,
209,control,control,3,6,
209,control,control,2,10,
209,control,control,3,5,
209,control,control,2,23,
209,control,control,2,8,
209,control,control,2,10,
209,control,control,1,5,
209,control,control,3,0,
209,control,control,2,10,
209,control,control,2,21,
209,control,control,3,21,
209,control,control,4,8,
209,control,control,2,11,
209,control,control,3,8,
209,control,control,4,2,
216,herbivory,damage,3,17,
216,herbivory,damage,4,9,
216,herbivory,damage,0,23,
216,herbivory,damage,13,20,
216,herbivory,damage,12,11,
216,herbivory,damage,11,23,
216,herbivory,damage,3,18,
216,herbivory,damage,9,14,
216,herbivory,control,1,8,
216,herbivory,damage,2,23,
216,herbivory,damage,7,20,
216,herbivory,damage,2,4,
216,herbivory,damage,15,2,
216,herbivory,damage,3,5,
216,herbivory,control,6,17,
223,control,control,6,8,
223,control,control,2,5,
223,control,control,1,14,
223,control,control,6,11,
223,control,control,2,16,
223,control,control,7,16,
223,control,control,5,1,
223,control,control,5,17,
223,control,control,5,9,
223,control,damage,5,8,
223,control,control,4,24,
223,control,damage,4,15,
223,control,damage,5,6,
223,control,damage,6,1,
223,control,damage,3,20,
223,control,damage,3,9,
223,control,control,2,15,
223,control,damage,5,11,
223,control,damage,4,15,
223,control,damage,5,14,
225,control,damage,6,21,
225,control,damage,3,14,
225,control,damage,5,11,
225,control,damage,3,7,
225,control,damage,2,17,
225,control,control,12,6,
225,control,damage,0,19,
225,control,control,5,20,
225,control,control,3,4,
225,control,control,5,3,
225,control,control,8,23,
225,control,control,2,6,
225,control,damage,2,17,
225,control,damage,5,9,
225,control,control,4,8,
225,control,damage,1,17,
225,control,damage,3,4,
225,control,damage,2,21,
225,control,damage,3,18,
225,control,damage,2,7,
225,control,damage,1,3,
225,control,control,6,11,
225,control,control,4,4,
225,control,damage,2,3,
225,control,control,2,5,
225,control,control,4,4,
225,control,damage,4,18,
225,control,damage,3,12,
225,control,control,6,2,
226,herbivory,damage,5,18,
226,herbivory,damage,1,19,
226,herbivory,damage,6,8,
226,herbivory,damage,1,11,
226,herbivory,control,4,16,
226,herbivory,control,5,8,
226,herbivory,control,3,4,
226,herbivory,control,4,21,
226,herbivory,control,4,1,
226,herbivory,control,1,24,
226,herbivory,control,3,0,
226,herbivory,control,2,15,
226,herbivory,control,3,4,
226,herbivory,damage,2,10,
226,herbivory,damage,10,3,
226,herbivory,damage,2,10,
226,herbivory,damage,5,14,
226,herbivory,damage,3,11,
226,herbivory,damage,9,16,
226,herbivory,damage,2,7,
226,herbivory,control,6,2,
226,herbivory,damage,1,1,
226,herbivory,control,4,4,
226,herbivory,control,2,11,
226,herbivory,control,4,6,
226,herbivory,control,5,23,
226,herbivory,control,2,8,
226,herbivory,control,4,8,
227,control,control,3,16,
227,control,control,5,21,
227,control,control,1,24,
227,control,control,2,10,
227,control,control,0,11,
227,control,control,2,22,
227,control,control,1,18,
227,control,control,3,7,
227,control,control,4,18,
227,control,control,1,16,
227,control,control,4,8,
227,control,control,2,21,
227,control,control,3,8,
227,control,control,2,22,
227,control,damage,1,12,
227,control,damage,1,12,
227,control,control,3,8,
227,control,control,2,8,
227,control,control,3,16,
227,control,control,6,17,
227,control,control,1,8,
227,control,control,4,13,
227,control,control,3,8,
227,control,control,1,14,
227,control,control,3,5,
227,control,control,1,18,
227,control,control,2,10,
227,control,control,1,21,
227,control,control,1,13,
227,control,control,2,19,
227,control,control,3,9,
227,control,control,2,14,
227,control,control,2,24,
227,control,damage,4,19,
227,control,damage,3,11,
227,control,damage,1,10,
227,control,damage,2,10,
227,control,damage,3,2,
227,control,damage,2,15,
227,control,control,2,5,
227,control,control,1,12,
227,control,control,2,10,
237,control,control,2,7,
237,control,control,5,11,
237,control,control,4,9,
237,control,control,4,19,
237,control,control,3,1,
237,control,control,5,8,
237,control,damage,3,4,
237,control,damage,1,0,
237,control,damage,5,3,
237,control,damage,4,19,
237,control,damage,2,24,
237,control,damage,2,0,
238,herbivory,damage,7,9,
238,herbivory,damage,2,22,
238,herbivory,damage,2,7,
238,herbivory,control,4,16,
238,herbivory,control,1,23,
238,herbivory,control,2,15,
238,herbivory,control,3,24,
238,herbivory,control,2,5,
238,herbivory,control,1,10,
238,herbivory,control,1,13,
238,herbivory,damage,1,14,
238,herbivory,damage,1,16,
238,herbivory,damage,2,8,
238,herbivory,damage,1,12,
238,herbivory,damage,1,18,
238,herbivory,control,1,24,
238,herbivory,control,2,8,
238,herbivory,control,2,6,
238,herbivory,control,5,7,
238,herbivory,control,1,24,
238,herbivory,control,1,24,
238,herbivory,damage,2,21,
238,herbivory,damage,2,16,
238,herbivory,damage,2,19,
238,herbivory,damage,1,13,
238,herbivory,damage,2,9,
238,herbivory,damage,1,24,
238,herbivory,control,2,6,
238,herbivory,damage,3,21, 
239,herbivory,damage,4,5,
239,herbivory,damage,4,3,
239,herbivory,damage,1,10,
239,herbivory,damage,5,1,
239,herbivory,control,4,2,
239,herbivory,control,3,20,
239,herbivory,control,3,13,
239,herbivory,control,5,17,
239,herbivory,control,4,6,
239,herbivory,control,6,11,
239,herbivory,damage,2,0,
239,herbivory,damage,6,6,
239,herbivory,control,4,8,
239,herbivory,damage,1,15,
239,herbivory,damage,3,0,
239,herbivory,damage,3,1,
239,herbivory,control,1,23,
239,herbivory,damage,4,23,
244,herbivory,damage,3,23,
244,herbivory,control,2,1,
244,herbivory,damage,2,10,
244,herbivory,damage,2,2,
244,herbivory,control,2,0,
244,herbivory,damage,1,20,
244,herbivory,control,1,12,
244,herbivory,damage,1,14,
244,herbivory,damage,2,2,
244,herbivory,control,1,10,
244,herbivory,control,3,6,
244,herbivory,control,2,6,
244,herbivory,control,0,18,
244,herbivory,control,2,7,
244,herbivory,damage,4,19,
244,herbivory,control,2,11,
244,herbivory,control,2,14,
244,herbivory,damage,3,1,
244,herbivory,control,4,24,
244,herbivory,control,3,16,
245,herbivory,control,8,9,
245,herbivory,control,16,3,
245,herbivory,damage,1,14,
245,herbivory,damage,8,13,
245,herbivory,damage,4,17,
245,herbivory,control,7,14,
245,herbivory,control,14,4,
245,herbivory,control,10,13,
245,herbivory,control,3,1,
245,herbivory,control,6,14,
245,herbivory,control,6,24,
245,herbivory,control,0,14,
245,herbivory,damage,6,21,
245,herbivory,damage,4,17,
245,herbivory,damage,13,21,
245,herbivory,damage,3,8,
245,herbivory,damage,5,9,
245,herbivory,damage,0,11,
245,herbivory,damage,8,0,
245,herbivory,damage,1,0,
245,herbivory,damage,7,15,
245,herbivory,damage,3,13,
247,control,control,2,24,
247,control,control,5,17,
247,control,control,5,12,
247,control,control,6,8,
247,control,control,8,14,
247,control,control,2,19,
247,control,control,5,11,
247,control,control,7,23,
247,control,damage,3,3,
247,control,damage,1,21,
247,control,damage,6,8,
247,control,damage,1,16,
247,control,control,3,11,
247,control,control,4,5,
247,control,control,4,10,
247,control,damage,6,4,
247,control,damage,6,12,
247,control,damage,7,2,
247,control,damage,4,21,
247,control,damage,0,22,
247,control,damage,3,17,
247,control,damage,1,24,
247,control,damage,3,18,
247,control,damage,9,24,
247,control,damage,2,12,
247,control,control,3,10,
247,control,control,2,3,
248,herbivory,damage,6,15,
248,herbivory,damage,3,20,
248,herbivory,damage,4,0,
248,herbivory,control,7,1,
248,herbivory,control,6,4,
248,herbivory,control,5,12,
248,herbivory,control,5,0,
248,herbivory,control,7,9,
248,herbivory,control,1,23,
248,herbivory,damage,10,24,
248,herbivory,damage,5,10,
248,herbivory,damage,9,21,
248,herbivory,damage,7,3,
248,herbivory,damage,6,19,
248,herbivory,damage,3,4,
248,herbivory,damage,8,15,
248,herbivory,damage,3,0,
248,herbivory,damage,3,21,
248,herbivory,damage,5,12,
248,herbivory,damage,2,19,
248,herbivory,damage,3,8,
248,herbivory,damage,6,10,
250,herbivory,damage,4,5,
250,herbivory,damage,6,18,
250,herbivory,damage,3,7,
250,herbivory,damage,1,12,
250,herbivory,control,5,11,
250,herbivory,control,8,17,
250,herbivory,control,2,21,
250,herbivory,control,3,1,
250,herbivory,control,4,0,
250,herbivory,control,4,3,
250,herbivory,damage,4,16,
253,herbivory,damage,4,18,
253,herbivory,damage,1,19,
253,herbivory,damage,1,4,
253,herbivory,control,4,6,
253,herbivory,control,1,11,
253,herbivory,damage,1,6,
253,herbivory,damage,6,24,
253,herbivory,control,4,18,
253,herbivory,damage,1,9,
253,herbivory,damage,1,10,
253,herbivory,damage,4,23,
253,herbivory,damage,8,13,
253,herbivory,control,1,1,
253,herbivory,control,0,19,
253,herbivory,damage,3,10,
253,herbivory,control,0,22,
253,herbivory,control,7,16,
253,herbivory,damage,2,10,
253,herbivory,control,4,11,
253,herbivory,damage,1,9,
253,herbivory,damage,2,2,
253,herbivory,control,0,15,
253,herbivory,damage,3,7,
253,herbivory,damage,1,21,
253,herbivory,damage,4,3,
254,control,control,7,18,
254,control,control,1,7,
254,control,control,6,23,
254,control,control,2,9,
254,control,control,1,8,
254,control,control,1,19,
254,control,control,1,5,
254,control,damage,2,4,
254,control,damage,6,21,
254,control,damage,4,15,
254,control,damage,0,10,
254,control,damage,9,16,
254,control,damage,3,7,
254,control,damage,2,18,
254,control,damage,3,4,
254,control,damage,3,8,
254,control,damage,5,3,
254,control,damage,2,13,
254,control,control,11,5,
254,control,control,4,18,
254,control,control,3,17,
261,herbivory,damage,4,23,
261,herbivory,control,3,23,
261,herbivory,control,9,18,
261,herbivory,damage,1,10,
261,herbivory,control,1,18,
261,herbivory,control,9,21,
261,herbivory,damage,4,20,
261,herbivory,control,1,15,
261,herbivory,control,9,7,
261,herbivory,control,3,18,
261,herbivory,control,3,22,
261,herbivory,control,2,1,
261,herbivory,control,3,19,
261,herbivory,control,4,2,
261,herbivory,control,8,5,
261,herbivory,control,4,15,
261,herbivory,control,4,5,
261,herbivory,control,12,1,
261,herbivory,control,4,20,
261,herbivory,damage,5,8,
261,herbivory,damage,9,1,
261,herbivory,damage,8,5,
261,herbivory,damage,9,8,
261,herbivory,damage,2,10,
261,herbivory,control,8,2,